<?xml version="1.0" encoding="UTF-8"?>
<beans:beans xmlns="http://www.springframework.org/schema/mvc"
	xmlns:xsi="http://www.w3.org/2001/XMLSchema-instance"
	xmlns:beans="http://www.springframework.org/schema/beans"
	xmlns:context="http://www.springframework.org/schema/context"
	xmlns:websocket="http://www.springframework.org/schema/websocket"
	xsi:schemaLocation="http://www.springframework.org/schema/websocket http://www.springframework.org/schema/websocket/spring-websocket-4.1.xsd
		http://www.springframework.org/schema/mvc https://www.springframework.org/schema/mvc/spring-mvc.xsd
		http://www.springframework.org/schema/beans https://www.springframework.org/schema/beans/spring-beans.xsd
		http://www.springframework.org/schema/context https://www.springframework.org/schema/context/spring-context.xsd">

	<!-- DispatcherServlet Context: defines this servlet's request-processing infrastructure -->
	
	<!-- Enables the Spring MVC @Controller programming model -->
	<annotation-driven />

	<!-- Handles HTTP GET requests for /resources/** by efficiently serving up static resources in the ${webappRoot}/resources directory -->
	<resources mapping="/resources/**" location="/resources/" />

	<!-- Resolves views selected for rendering by @Controllers to .jsp resources in the /WEB-INF/views directory -->
	<beans:bean class="org.springframework.web.servlet.view.InternalResourceViewResolver">
		<beans:property name="prefix" value="/WEB-INF/views/" />
		<beans:property name="suffix" value=".jsp" />
	</beans:bean>
	<!-- 4/24 웹소켓 연결 echoHandler 추가  -->
	<context:component-scan base-package="com.spring.chat" />
	<websocket:handlers>
		<websocket:mapping handler="echoHandler" path="/echo"/>
		<websocket:sockjs/>
	</websocket:handlers>
	
	<beans:bean id="echoHandler" class="com.spring.foodchain.EchoHandler"></beans:bean>
	
	<!-- 인어셉터 모든 파일 적용  -->
	<!-- 21/04/12 권우경 작성 -->
	<interceptors>
		<interceptor>
			<mapping path="/*/*.do"/>
			<beans:bean class="com.spring.foodchain.common.interceptor.ViewNameInterceptor"></beans:bean>
		</interceptor>
	</interceptors>
	
	<context:component-scan base-package="com.spring.foodchain"/>
</beans:beans>
