<?xml version="1.0" encoding="UTF-8"?>
<!DOCTYPE mapper PUBLIC "-//mybatis.org//DTD Mapper 3.0//EN"
"http://mybatis.org/dtd/mybatis-3-mapper.dtd">

<!-- 21/04/12 권우경 작성 -->

<!-- namespace 지정 -->
	<mapper namespace="mapper.member">
<!--resultMap 설정-->

	<resultMap id="memResult" type="memberVO">
		<result property="id" column="id"/>
		<result property="pwd" column="pwd"/>
		<result property="nickname" column="nickname"/>
		<result property="birth" column="birth"/>
		<result property="joinDate" column="joinDate"/>
	</resultMap>
	
	<!-- 로그인 sql문 -->
	<!-- 4/13 권우경 resultType 수정 -->
	<select id="loginCheck" parameterType="memberVO" resultType="String">
		<![CDATA[
			SELECT DECODE(COUNT(*),1,'true','false') AS result FROM f_member WHERE id=#{id} AND pwd=#{pwd} 
		]]>
	</select>
	
<!-- 21/04/12 이소정 작성 -->
	<!-- 가입된 회원 목록 sql문 -->
	<select id="listMember" resultMap="memResult">
		<![CDATA[
			select * from f_member
			order by id desc
		]]>
	</select>
	
	
	<!-- 회원 추가 동적 sql문(생일은 선택사항) -->
	<insert id="addMember" parameterType="memberVO">
		<![CDATA[
			insert into f_member
				(id,pwd,nickname,birth) values
				(#{id}, #{pwd}, #{nickname}, #{birth})
		]]>
	</insert>
	
	<!-- 회원 삭제 sql문 -->
	<delete id="delMember" parameterType="String">
		<![CDATA[
			delete from f_member
			where id=#{id} 
		]]>
	</delete>
	
	<!-- 닉네임 중복확인 sql문 -->
	<!-- result type= String => Integer 로 수정 21/04/13권우경 -->
	<select id="nicknameCheck" parameterType="String" resultType="Integer">
	         <![CDATA[
	            SELECT COUNT(*) AS result FROM f_member WHERE nickname =#{nickname}
	         ]]>
    </select>
	
	<!-- 21/04/12 강민경 작성 -->
	<!-- 21/04/13 이소정 수정(생일추가) -->
	<!-- 회원 수정 동적 sql문 -->
	<update id="modMember" parameterType="memberVO" >
		<![CDATA[
			update f_member set
			pwd=#{pwd}, nickname=#{nickname}, birth=#{birth}
			where id=#{id}
		]]>
	</update>
	
	<!-- 지정ID 정보 불러오는 sql문 -->
	<select id="viewMember" parameterType="String" resultMap="memResult">
		<![CDATA[
			select * from f_member
			where id=#{id}
		]]>
	</select>
	<!-- 21/04/12 권우경 작성 -->
	<!--ID 중복체크 Sql문  -->
		<select id="idCheck" parameterType="String" resultType="Integer">
	         <![CDATA[
	            SELECT COUNT(*) AS result FROM f_member WHERE id =#{id}
	         ]]>
     	 </select>
	
</mapper>