<?xml version="1.0" encoding="UTF-8"?>
<beans xmlns="http://www.springframework.org/schema/beans"
	xmlns:xsi="http://www.w3.org/2001/XMLSchema-instance"
	xsi:schemaLocation="http://www.springframework.org/schema/beans http://www.springframework.org/schema/beans/spring-beans.xsd">
	<!-- 21/04/12 권우경 작성 -->
	
	<!-- properties 파일 호출  -->
	<bean id ="propertyPlaceHolderConfigurer"
		class="org.springframework.beans.factory.config.PropertyPlaceholderConfigurer">
		<property name="locations">
			<value>/WEB-INF/config/jdbc.properties</value>
		</property>	
	 </bean>

	<!-- DataSource 빈생성 -->
	<bean id="dataSource" class="org.apache.ibatis.datasource.pooled.PooledDataSource">
		<property name="driver" value="${jdbc.driverClassName}"/>
		<property name="url" value="${jdbc.url}"/>
		<property name="username" value="${jdbc.username}"/>
		<property name="password" value="${jdbc.password}"/>
	</bean>


	<!-- SqlSession 빈생성 -->
	<bean id="sqlSessionFactory"
	 	class="org.mybatis.spring.SqlSessionFactoryBean">
	 		<property name="dataSource" ref="dataSource"/>
	 		<property name="configLocation" value="classpath:mybatis/model/modelConfig.xml"/>
	 		<property name="mapperLocations" value="classpath:mybatis/mappers/*.xml"/>
	 	</bean>
	 	
	 <!-- SqlSession -->
	 <bean id="sqlSession" class="org.mybatis.spring.SqlSessionTemplate">
	 	<constructor-arg index="0" ref="sqlSessionFactory"></constructor-arg>
	 </bean>
</beans>
